destination,baseline_stage,baseline_percentile,adjusted_probability,bootstrap_lower,bootstrap_upper,eligible_contestants,events,bootstrap_replicates
APMO,EMIC,0.3,0.06746437221427537,0.02693620373232609,0.11159174899671402,1062,86,80
APMO,EMIC,0.31387755102040815,0.06448382995555715,0.027189855927200798,0.10428210434606343,1062,86,80
APMO,EMIC,0.3277551020408163,0.061814652994093146,0.027487052413815296,0.09773450957450532,1062,86,80
APMO,EMIC,0.3416326530612245,0.059431733485378224,0.02782897038854894,0.09186675158702941,1062,86,80
APMO,EMIC,0.35551020408163264,0.057312781015659356,0.02750150468670855,0.08659037565744519,1062,86,80
APMO,EMIC,0.3693877551020408,0.05543809615343402,0.02662677331218613,0.08188449131464717,1062,86,80
APMO,EMIC,0.38326530612244897,0.053790363417516064,0.02588205421568227,0.07740508773436977,1062,86,80
APMO,EMIC,0.39714285714285713,0.05235446419726645,0.025258274204851522,0.07291220213404886,1062,86,80
APMO,EMIC,0.4110204081632653,0.05111730968702121,0.02474792216852211,0.0693306044732549,1062,86,80
APMO,EMIC,0.42489795918367346,0.050067693579804826,0.024344914755283185,0.06784791301652734,1062,86,80
APMO,EMIC,0.43877551020408156,0.04919616406942298,0.024044487761902475,0.06535323918561084,1062,86,80
APMO,EMIC,0.4526530612244898,0.048494914606775394,0.02384311121292213,0.06318448049977803,1062,86,80
APMO,EMIC,0.4665306122448979,0.04795769282351048,0.02373842651524888,0.061317830359936175,1062,86,80
APMO,EMIC,0.4804081632653061,0.04757972705652743,0.02372920447059143,0.060262982305880446,1062,86,80
APMO,EMIC,0.4942857142857142,0.04735766996664414,0.023815323322203697,0.059654855913766965,1062,86,80
APMO,EMIC,0.5081632653061224,0.04728955883324192,0.02398114013396837,0.05925826065142287,1062,86,80
APMO,EMIC,0.5220408163265305,0.04737479221533138,0.024242098084042353,0.05906058742714079,1062,86,80
APMO,EMIC,0.5359183673469388,0.04761412279134339,0.02460501492629089,0.05906250627503245,1062,86,80
APMO,EMIC,0.5497959183673469,0.04800966631921567,0.02473636782301786,0.05927141420113704,1062,86,80
APMO,EMIC,0.563673469387755,0.04856492678982968,0.024274109886771596,0.05968930547959566,1062,86,80
APMO,EMIC,0.5775510204081632,0.04928483797555779,0.023973686587953517,0.060846192163857164,1062,86,80
APMO,EMIC,0.5914285714285714,0.05017582169636809,0.023829534405132184,0.06268299260968584,1062,86,80
APMO,EMIC,0.6053061224489795,0.05124586323268945,0.02383897954656162,0.06430874589559121,1062,86,80
APMO,EMIC,0.6191836734693876,0.05250460439998889,0.02400216414434168,0.06631203174758357,1062,86,80
APMO,EMIC,0.6330612244897958,0.053963454856007564,0.024339348785940018,0.06849358519111175,1062,86,80
APMO,EMIC,0.6469387755102041,0.05563572222679899,0.025566126251899565,0.07086532170471217,1062,86,80
APMO,EMIC,0.6608163265306122,0.0575367615980664,0.02718233358730913,0.07342221867791665,1062,86,80
APMO,EMIC,0.6746938775510203,0.05968414480589432,0.028979535657389397,0.07619199806707472,1062,86,80
APMO,EMIC,0.6885714285714285,0.06209784975300168,0.030978412730893596,0.07940793511897322,1062,86,80
APMO,EMIC,0.7024489795918367,0.06480046964414464,0.033202338940368,0.08287280286228428,1062,86,80
APMO,EMIC,0.7163265306122448,0.06781744154066308,0.03567770666029357,0.08630532653202595,1062,86,80
APMO,EMIC,0.7302040816326529,0.07117729293340985,0.03843428279152365,0.09012074752298331,1062,86,80
APMO,EMIC,0.7440816326530612,0.07491190406815555,0.04150559646112298,0.09435188343154073,1062,86,80
APMO,EMIC,0.7579591836734694,0.07905678245752183,0.04492935618058648,0.09903518640117348,1062,86,80
APMO,EMIC,0.7718367346938775,0.0836513442932517,0.04874789250459507,0.10421099919621109,1062,86,80
APMO,EMIC,0.7857142857142856,0.0887391952314593,0.05300861958004084,0.11004726607065354,1062,86,80
APMO,EMIC,0.7995918367346938,0.09436840014680231,0.05776450554400371,0.1167888603534973,1062,86,80
APMO,EMIC,0.813469387755102,0.10059172781606379,0.06307453738489512,0.12415201742850192,1062,86,80
APMO,EMIC,0.8273469387755101,0.10746685197697853,0.06900416048204297,0.13218838141833492,1062,86,80
APMO,EMIC,0.8412244897959182,0.11505648471717439,0.07453527845411069,0.14096607271565145,1062,86,80
APMO,EMIC,0.8551020408163263,0.12342841164002595,0.07955542140062097,0.15297668782492516,1062,86,80
APMO,EMIC,0.8689795918367347,0.13265539079306837,0.0851185658801484,0.16652144633821073,1062,86,80
APMO,EMIC,0.8828571428571428,0.14281486916464567,0.09128268409965505,0.18154196368045203,1062,86,80
APMO,EMIC,0.8967346938775509,0.1539884621405408,0.09805586268921836,0.19816407590503524,1062,86,80
APMO,EMIC,0.910612244897959,0.16626113348753582,0.10542896030692632,0.21540652900093288,1062,86,80
APMO,EMIC,0.9244897959183673,0.17972000743614794,0.1135715839596729,0.23776006749514372,1062,86,80
APMO,EMIC,0.9383673469387754,0.19445274197589826,0.12255914679737599,0.26375878935991137,1062,86,80
APMO,EMIC,0.9522448979591835,0.2105453957056879,0.13247227493346686,0.2852345476499916,1062,86,80
APMO,EMIC,0.9661224489795917,0.22807973197705886,0.14339629509509072,0.3103666595296164,1062,86,80
APMO,EMIC,0.98,0.2471299261754075,0.15378785293041008,0.33904549447613597,1062,86,80
APMO,IWYMIC,0.3,0.022857603064350803,0.005107725166329508,0.05164294929976527,692,89,80
APMO,IWYMIC,0.31387755102040815,0.024562761066090028,0.006024614451272847,0.052292437840504156,692,89,80
APMO,IWYMIC,0.3277551020408163,0.02638027127325531,0.007077654066925081,0.05302761370115946,692,89,80
APMO,IWYMIC,0.3416326530612245,0.028315859735255664,0.007660951704905245,0.05382620577428471,692,89,80
APMO,IWYMIC,0.35551020408163264,0.030375367795679037,0.008198429711200666,0.053446021352222324,692,89,80
APMO,IWYMIC,0.3693877551020408,0.03256473765673743,0.008781705021702675,0.054587456803928236,692,89,80
APMO,IWYMIC,0.38326530612244897,0.03488999693739286,0.009415035639888582,0.05584565995851146,692,89,80
APMO,IWYMIC,0.39714285714285713,0.037357242418536,0.010390744949132587,0.05722668020408889,692,89,80
APMO,IWYMIC,0.4110204081632653,0.03997262319446409,0.011503611276875741,0.0587371817774614,692,89,80
APMO,IWYMIC,0.42489795918367346,0.04274232346877952,0.012995919854676295,0.061517585484576,692,89,80
APMO,IWYMIC,0.43877551020408156,0.045672545242685776,0.014749825800106134,0.0632796874182371,692,89,80
APMO,IWYMIC,0.4526530612244898,0.048769491142647406,0.016410028075764214,0.06517965983348464,692,89,80
APMO,IWYMIC,0.4665306122448979,0.052039347620985714,0.0171995350737892,0.06722513472781651,692,89,80
APMO,IWYMIC,0.4804081632653061,0.05548826873615541,0.018732477804552755,0.070088311702033,692,89,80
APMO,IWYMIC,0.4942857142857142,0.059122360678757056,0.020558791841556432,0.07490347212909555,692,89,80
APMO,IWYMIC,0.5081632653061224,0.06294766715509172,0.022538006463381867,0.0805718030684188,692,89,80
APMO,IWYMIC,0.5220408163265305,0.06697015567336848,0.023848518605671134,0.08743660954085167,692,89,80
APMO,IWYMIC,0.5359183673469388,0.07119570470050497,0.024133250950581026,0.09443487316480241,692,89,80
APMO,IWYMIC,0.5497959183673469,0.07563009157260658,0.02453671378427061,0.10088220951239593,692,89,80
APMO,IWYMIC,0.563673469387755,0.08027898095323088,0.025384981565231262,0.1087734625742226,692,89,80
APMO,IWYMIC,0.5775510204081632,0.08514791354461035,0.027101679473858265,0.11599601726252028,692,89,80
APMO,IWYMIC,0.5914285714285714,0.09024229467273963,0.029280049086023066,0.12315442772493783,692,89,80
APMO,IWYMIC,0.6053061224489795,0.09556738229246585,0.03176201754763723,0.13020316085924635,692,89,80
APMO,IWYMIC,0.6191836734693876,0.10112827389825736,0.03447633950296072,0.13709111576100932,692,89,80
APMO,IWYMIC,0.6330612244897958,0.10692989178468032,0.03744497663437348,0.1437678586265834,692,89,80
APMO,IWYMIC,0.6469387755102041,0.11297696608175772,0.04069177446242249,0.15018418905746947,692,89,80
APMO,IWYMIC,0.6608163265306122,0.11927401499750558,0.044242566798335096,0.15629267495385257,692,89,80
APMO,IWYMIC,0.6746938775510203,0.12582532173525643,0.04812527233784377,0.1633973333679722,692,89,80
APMO,IWYMIC,0.6885714285714285,0.13263490761796035,0.05236997948889211,0.17359043604580515,692,89,80
APMO,IWYMIC,0.7024489795918367,0.1397065010453426,0.05700901476939373,0.18410041446517808,692,89,80
APMO,IWYMIC,0.7163265306122448,0.14704350203113414,0.06207698926320168,0.19730994718773423,692,89,80
APMO,IWYMIC,0.7302040816326529,0.15464894221384004,0.06761081667528193,0.21115859952287316,692,89,80
APMO,IWYMIC,0.7440816326530612,0.16252544040169709,0.07364969547292585,0.22550837742020124,692,89,80
APMO,IWYMIC,0.7579591836734694,0.17067515389550866,0.0802350464320938,0.23585621977401705,692,89,80
APMO,IWYMIC,0.7718367346938775,0.17909972602586854,0.08741039562469358,0.2499526536369929,692,89,80
APMO,IWYMIC,0.7857142857142856,0.1878002305370677,0.09522119149240225,0.2645633534560059,692,89,80
APMO,IWYMIC,0.7995918367346938,0.19677711364134304,0.10371454318422296,0.27947518906089913,692,89,80
APMO,IWYMIC,0.813469387755102,0.20603013474642384,0.11293886585062955,0.29465052357666865,692,89,80
APMO,IWYMIC,0.8273469387755101,0.21555830701892048,0.12294341720050883,0.3100496060551814,692,89,80
APMO,IWYMIC,0.8412244897959182,0.2253598390786505,0.13397413800581928,0.32563099793387673,692,89,80
APMO,IWYMIC,0.8551020408163263,0.23543207921783013,0.1472582955989806,0.34135203473427955,692,89,80
APMO,IWYMIC,0.8689795918367347,0.2457714635984472,0.15796793937237932,0.35716931058415097,692,89,80
APMO,IWYMIC,0.8828571428571428,0.2563734698966004,0.16960830799998727,0.3730391723728983,692,89,80
APMO,IWYMIC,0.8967346938775509,0.26723257783123217,0.17334244983982847,0.3889182102541982,692,89,80
APMO,IWYMIC,0.910612244897959,0.2783422379353085,0.1754255783094538,0.40476373176140507,692,89,80
APMO,IWYMIC,0.9244897959183673,0.2896948498009066,0.17888779557384296,0.4250116303203195,692,89,80
APMO,IWYMIC,0.9383673469387754,0.3012817508585742,0.1920691868999365,0.4459032464394503,692,89,80
APMO,IWYMIC,0.9522448979591835,0.3130932165404782,0.19294379909943274,0.4670887808930784,692,89,80
APMO,IWYMIC,0.9661224489795917,0.32511847243276293,0.19242149242599602,0.4884581957643424,692,89,80
APMO,IWYMIC,0.98,0.3373457187533501,0.19087546686243137,0.5070491519035241,692,89,80
IMO,EMIC,0.3,0.07760651872458074,0.02657896114168832,0.14042130208560638,1433,118,80
IMO,EMIC,0.31387755102040815,0.07236292546099367,0.027195209161720135,0.12564996564229594,1433,118,80
IMO,EMIC,0.3277551020408163,0.06771396596554188,0.027670245311712315,0.11284002761336794,1433,118,80
IMO,EMIC,0.3416326530612245,0.06359809317884486,0.02664257119040118,0.10174474845261669,1433,118,80
IMO,EMIC,0.35551020408163264,0.059960919985681996,0.0244631677994164,0.09175089465857644,1433,118,80
IMO,EMIC,0.3693877551020408,0.0567545467301661,0.02236223104592926,0.0828444911918537,1433,118,80
IMO,EMIC,0.38326530612244897,0.05393694173819564,0.020575901877246748,0.07600666312677341,1433,118,80
IMO,EMIC,0.39714285714285713,0.05147137638470413,0.01905788737536966,0.07128911729179378,1433,118,80
IMO,EMIC,0.4110204081632653,0.049325914688809605,0.018818018892264272,0.06813303395447258,1433,118,80
IMO,EMIC,0.42489795918367346,0.04747295647210522,0.017666759645249223,0.06538037190576122,1433,118,80
IMO,EMIC,0.43877551020408156,0.045888832535188884,0.016684578167109384,0.06286801504120239,1433,118,80
IMO,EMIC,0.4526530612244898,0.04455344996584411,0.016048324450381284,0.061666488507561165,1433,118,80
IMO,EMIC,0.4665306122448979,0.04344998552057187,0.016977219245455626,0.06134759471710742,1433,118,80
IMO,EMIC,0.4804081632653061,0.04256462498188717,0.01748887434286117,0.060901107730995725,1433,118,80
IMO,EMIC,0.4942857142857142,0.04188634646360105,0.016959507432970155,0.06064952983234084,1433,118,80
IMO,EMIC,0.5081632653061224,0.041406745797627924,0.016564443689311224,0.06059074662506727,1433,118,80
IMO,EMIC,0.5220408163265305,0.04111990237313493,0.01629548750747348,0.06072426953226865,1433,118,80
IMO,EMIC,0.5359183673469388,0.04102228409725697,0.01614710643069879,0.06105123066000064,1433,118,80
IMO,EMIC,0.5497959183673469,0.04111269049177106,0.016116265240253697,0.06157439502220315,1433,118,80
IMO,EMIC,0.563673469387755,0.041392233318203596,0.01620233504620374,0.062298190189908294,1433,118,80
IMO,EMIC,0.5775510204081632,0.04186435452149876,0.01640707449922024,0.06322875351169337,1433,118,80
IMO,EMIC,0.5914285714285714,0.042534881686669114,0.016734682529755303,0.0643739971251823,1433,118,80
IMO,EMIC,0.6053061224489795,0.043412121600995376,0.017191924295451837,0.06574369103417155,1433,118,80
IMO,EMIC,0.6191836734693876,0.04450699289341437,0.017788334324864062,0.06734956455447505,1433,118,80
IMO,EMIC,0.6330612244897958,0.045833199069417324,0.018536503230635888,0.06920542642409504,1433,118,80
IMO,EMIC,0.6469387755102041,0.047407443560241055,0.019452456877948568,0.0722177861557691,1433,118,80
IMO,EMIC,0.6608163265306122,0.04924968864502368,0.020556139595420977,0.0762456265708529,1433,118,80
IMO,EMIC,0.6746938775510203,0.05138346026910622,0.021872015991575056,0.08057674768346046,1433,118,80
IMO,EMIC,0.6885714285714285,0.053836200855278446,0.02342980932449349,0.08523383700321172,1433,118,80
IMO,EMIC,0.7024489795918367,0.05663967217003566,0.02526539838456959,0.09024113515960121,1433,118,80
IMO,EMIC,0.7163265306122448,0.059830410140837856,0.02742189984567739,0.09562448155502366,1433,118,80
IMO,EMIC,0.7302040816326529,0.06345023318617993,0.029950969566982195,0.10141134541721131,1433,118,80
IMO,EMIC,0.7440816326530612,0.06754680505114623,0.03291436515962897,0.10763083725536092,1433,118,80
IMO,EMIC,0.7579591836734694,0.07217425221085583,0.03638582420521288,0.11431369470603987,1433,118,80
IMO,EMIC,0.7718367346938775,0.07739383437935589,0.040453328622625136,0.12149223562690373,1433,118,80
IMO,EMIC,0.7857142857142856,0.08327466412907944,0.0452218457071537,0.1292002700823342,1433,118,80
IMO,EMIC,0.7995918367346938,0.08989446739413604,0.05032184885491763,0.1374729616088666,1433,118,80
IMO,EMIC,0.813469387755102,0.09734036960767294,0.05530110632870415,0.14634662691978584,1433,118,80
IMO,EMIC,0.8273469387755101,0.10570968079466032,0.061096167046823975,0.15585846211231658,1433,118,80
IMO,EMIC,0.8412244897959182,0.11511063488872136,0.06865831075874654,0.1660461826258638,1433,118,80
IMO,EMIC,0.8551020408163263,0.12566301108349215,0.07906622010424544,0.17694756386636065,1433,118,80
IMO,EMIC,0.8689795918367347,0.13749852509641594,0.09139681920242684,0.19714827288803094,1433,118,80
IMO,EMIC,0.8828571428571428,0.15076082312129707,0.10599627677378962,0.2234081574000443,1433,118,80
IMO,EMIC,0.8967346938775509,0.16560483986261743,0.12325925930009347,0.25324330402755335,1433,118,80
IMO,EMIC,0.910612244897959,0.18219519671937223,0.14192968997590136,0.2764435473496252,1433,118,80
IMO,EMIC,0.9244897959183673,0.2007032252345085,0.15626664326996126,0.2992205891121181,1433,118,80
IMO,EMIC,0.9383673469387754,0.22130212154114956,0.17224233941737405,0.330159395548929,1433,118,80
IMO,EMIC,0.9522448979591835,0.2441596983629286,0.19007372805476105,0.37107059725864205,1433,118,80
IMO,EMIC,0.9661224489795917,0.26942824317834607,0.21360217136291068,0.4233440750592126,1433,118,80
IMO,EMIC,0.98,0.29723116506017566,0.24418706639738813,0.4763877380882389,1433,118,80
IMO,IWYMIC,0.3,0.055201021184824686,0.0242026180620172,0.09613282290119224,1053,156,80
IMO,IWYMIC,0.31387755102040815,0.055173401774764916,0.025021098705456237,0.09244480166527919,1053,156,80
IMO,IWYMIC,0.3277551020408163,0.05528123016927208,0.0259064478585126,0.08920407068276881,1053,156,80
IMO,IWYMIC,0.3416326530612245,0.0555252047570024,0.02686344120835823,0.08637841811768027,1053,156,80
IMO,IWYMIC,0.35551020408163264,0.05590690664549219,0.027898600252654646,0.08393976386849082,1053,156,80
IMO,IWYMIC,0.3693877551020408,0.056428811998921254,0.029634015850734215,0.0818639010493656,1053,156,80
IMO,IWYMIC,0.38326530612244897,0.0570943112481212,0.03149316328358876,0.08013025966261188,1053,156,80
IMO,IWYMIC,0.39714285714285713,0.05790773516979704,0.033436572150537844,0.07870851008432074,1053,156,80
IMO,IWYMIC,0.4110204081632653,0.05887438781915925,0.03427242555068246,0.0775212922421629,1053,156,80
IMO,IWYMIC,0.42489795918367346,0.060000586276394444,0.03564777579936342,0.07497598443657229,1053,156,80
IMO,IWYMIC,0.43877551020408156,0.06129370712929496,0.036559778598014035,0.0746038140282354,1053,156,80
IMO,IWYMIC,0.4526530612244898,0.0627622395583062,0.03777098503343229,0.07663490029685652,1053,156,80
IMO,IWYMIC,0.4665306122448979,0.06441584481235392,0.038937111804363905,0.07967393270622983,1053,156,80
IMO,IWYMIC,0.4804081632653061,0.06626542175995236,0.040081994879053395,0.08268219412399049,1053,156,80
IMO,IWYMIC,0.4942857142857142,0.06832317806597417,0.04151600350882165,0.0862256915689562,1053,156,80
IMO,IWYMIC,0.5081632653061224,0.07060270637574304,0.04299406115633332,0.08998483861278854,1053,156,80
IMO,IWYMIC,0.5220408163265305,0.07311906468060185,0.044646746274545325,0.09488662499608509,1053,156,80
IMO,IWYMIC,0.5359183673469388,0.07588885978902972,0.04649930260835392,0.10090209609752863,1053,156,80
IMO,IWYMIC,0.5497959183673469,0.07893033253167712,0.04856920340969931,0.10686502027427426,1053,156,80
IMO,IWYMIC,0.563673469387755,0.08226344298542788,0.050876124246479755,0.11232863809653836,1053,156,80
IMO,IWYMIC,0.5775510204081632,0.08590995361036255,0.053056878193683495,0.11811809420568423,1053,156,80
IMO,IWYMIC,0.5914285714285714,0.08989350775579477,0.05574242936376974,0.12425017109661249,1053,156,80
IMO,IWYMIC,0.6053061224489795,0.09423970051107967,0.05903727523466231,0.13144950201435732,1053,156,80
IMO,IWYMIC,0.6191836734693876,0.09897613835964673,0.06274033556971793,0.1391852316414182,1053,156,80
IMO,IWYMIC,0.6330612244897958,0.10413248354872978,0.06660425811971168,0.14739439179151054,1053,156,80
IMO,IWYMIC,0.6469387755102041,0.10974047852191673,0.07044075835649934,0.15609979983265657,1053,156,80
IMO,IWYMIC,0.6608163265306122,0.1158339451862876,0.07478294139295599,0.16532425385546554,1053,156,80
IMO,IWYMIC,0.6746938775510203,0.12244875320791117,0.07888985759643334,0.17509031617057927,1053,156,80
IMO,IWYMIC,0.6885714285714285,0.12962275095159898,0.08364295867682577,0.1854200601333148,1053,156,80
IMO,IWYMIC,0.7024489795918367,0.13739565209832527,0.09005557771919245,0.19633477730845825,1053,156,80
IMO,IWYMIC,0.7163265306122448,0.14580887037175713,0.09784968910637118,0.207854642439234,1053,156,80
IMO,IWYMIC,0.7302040816326529,0.15490529415767806,0.1055184254349813,0.21898417135147674,1053,156,80
IMO,IWYMIC,0.7440816326530612,0.16472899207076336,0.11299965456712002,0.22991031734982487,1053,156,80
IMO,IWYMIC,0.7579591836734694,0.17532483967288873,0.12119813710687137,0.2415854035872241,1053,156,80
IMO,IWYMIC,0.7718367346938775,0.18673805654669076,0.1314089804672096,0.2571037926892454,1053,156,80
IMO,IWYMIC,0.7857142857142856,0.19901364178052022,0.14375861501370774,0.2733670641069354,1053,156,80
IMO,IWYMIC,0.7995918367346938,0.21219569469359217,0.1577998369338224,0.2903661679235846,1053,156,80
IMO,IWYMIC,0.813469387755102,0.2263266064953372,0.17080226134114798,0.30718866281995777,1053,156,80
IMO,IWYMIC,0.8273469387755101,0.24144610785286505,0.184838554598026,0.3256489894643488,1053,156,80
IMO,IWYMIC,0.8412244897959182,0.25759015754763964,0.20012071305441365,0.3457186666126914,1053,156,80
IMO,IWYMIC,0.8551020408163263,0.2747896592623138,0.21672743094967212,0.36567982565704726,1053,156,80
IMO,IWYMIC,0.8689795918367347,0.29306899797543245,0.23473233745102387,0.38612473518770624,1053,156,80
IMO,IWYMIC,0.8828571428571428,0.3124443955078714,0.2542005338216814,0.4071410923589883,1053,156,80
IMO,IWYMIC,0.8967346938775509,0.33292209749609536,0.2751844905155068,0.43455119230439554,1053,156,80
IMO,IWYMIC,0.910612244897959,0.3544964222543022,0.297719386390238,0.4635501973166564,1053,156,80
IMO,IWYMIC,0.9244897959183673,0.3771477258742157,0.32012851820193294,0.49741689526806865,1053,156,80
IMO,IWYMIC,0.9383673469387754,0.40084036685179425,0.34324011779351826,0.5340900435670825,1053,156,80
IMO,IWYMIC,0.9522448979591835,0.4255207856640668,0.3673750580777972,0.5712178751465944,1053,156,80
IMO,IWYMIC,0.9661224489795917,0.4511158467453196,0.39259675428605095,0.6083853461892158,1053,156,80
IMO,IWYMIC,0.98,0.47753161744988076,0.41590437425877386,0.6451619227504283,1053,156,80
