year,medal,medal_bucket_size,rank_start,rank_end,rank_average,percentile,first_country,last_country,country_sequence
2013,Gold,1,1,1,1,0.9965986395,Philippines,Philippines,Philippines
2013,Gold,5,2,6,4,0.9863945578,People's Republic of China,Vietnam,People's Republic of China;Indonesia;Sri Lanka;Vietnam;Vietnam
2013,Gold,3,7,9,8,0.9727891156,Malaysia,Sri Lanka,Malaysia;Sri Lanka;Sri Lanka
2013,Gold,8,10,17,13.5,0.9540816327,Bulgaria,Republic of Korea,Bulgaria;Indonesia;Philippines;Philippines;Taiwan;Thailand;Vietnam;Republic of Korea
2013,Silver,7,18,24,21,0.9285714286,People's Republic of China,Thailand,People's Republic of China;People's Republic of China;Macau;Philippines;Philippines;Taiwan;Thailand
2013,Silver,17,25,41,33,0.887755102,Bulgaria,Vietnam,Bulgaria;Bulgaria;Bulgaria;Cyprus;Hong Kong;Indonesia;Islamic Republic of Iran;Mongolia;Russian Federation;Russian Federation;Sri Lanka;Sri Lanka;Taiwan;Taiwan;Taiwan;Thailand;Vietnam
2013,Silver,26,42,67,54.5,0.8146258503,Bulgaria,Vietnam,Bulgaria;Bulgaria;Bulgaria;People's Republic of China;People's Republic of China;Hong Kong;Hong Kong;Indonesia;Indonesia;Indonesia;Indonesia;Republic of Korea;Mongolia;Philippines;Philippines;Romania;Taiwan;Taiwan;Taiwan;Taiwan;Thailand;Thailand;Thailand;Thailand;United States of America;Vietnam
2013,Bronze,20,68,87,77.5,0.7363945578,Bulgaria,Vietnam,Bulgaria;Bulgaria;Bulgaria;Bulgaria;Cyprus;Cyprus;Hong Kong;Hong Kong;Indonesia;Indonesia;Kazakhstan;Republic of Korea;Philippines;Romania;Romania;Russian Federation;Sri Lanka;Taiwan;Vietnam;Vietnam
2013,Bronze,27,88,114,101,0.656462585,Bulgaria,Republic of Korea,Bulgaria;Bulgaria;Bulgaria;Bulgaria;Bulgaria;Bulgaria;Bulgaria;Bulgaria;Bulgaria;People's Republic of China;Hong Kong;Hong Kong;Indonesia;Islamic Republic of Iran;Republic of Korea;Republic of Korea;Mongolia;Philippines;Philippines;Philippines;Russian Federation;Taiwan;Thailand;Thailand;United States of America;United States of America;Republic of Korea
2013,Merit,24,115,138,126.5,0.5697278912,Bulgaria,Thailand,Bulgaria;Bulgaria;Bulgaria;Bulgaria;Bulgaria;Bulgaria;People's Republic of China;Hong Kong;Indonesia;Indonesia;Indonesia;Republic of Korea;Mongolia;Mongolia;Philippines;Philippines;Romania;Romania;Russian Federation;Taiwan;Taiwan;Taiwan;Thailand;Thailand
2013,Merit,34,139,172,155.5,0.4710884354,Bulgaria,Republic of Korea,Bulgaria;Bulgaria;Bulgaria;Bulgaria;People's Republic of China;People's Republic of China;People's Republic of China;People's Republic of China;Cyprus;Hong Kong;Indonesia;Indonesia;Indonesia;Islamic Republic of Iran;Islamic Republic of Iran;Islamic Republic of Iran;Kazakhstan;Kazakhstan;Macau;Mongolia;Mongolia;Mongolia;Philippines;Philippines;Romania;Russian Federation;Russian Federation;Sri Lanka;Taiwan;Thailand;United States of America;Vietnam;Bulgaria;Republic of Korea
2013,Merit,25,173,197,185,0.3707482993,Bulgaria,People's Republic of China,Bulgaria;Bulgaria;Bulgaria;Bulgaria;Bulgaria;Bulgaria;Bulgaria;Canada;People's Republic of China;People's Republic of China;People's Republic of China;Cyprus;Hong Kong;Kazakhstan;Republic of Korea;Macau;Malaysia;Philippines;Romania;Russian Federation;South Africa;United States of America;Bulgaria;Republic of Korea;People's Republic of China
2014,Gold,2,1,2,1.5,0.9953560372,Republic of Korea,Vietnam,Republic of Korea;Vietnam
2014,Gold,5,3,7,5,0.9845201238,People's Republic of China,Vietnam,People's Republic of China;Malaysia;Taiwan;Vietnam;Vietnam
2014,Gold,6,8,13,10.5,0.9674922601,Bulgaria,Singapore,Bulgaria;Bulgaria;People's Republic of China;Mongolia;Singapore;Singapore
2014,Gold,14,14,27,20.5,0.9365325077,Bulgaria,Thailand,Bulgaria;Hong Kong;Hong Kong;Hong Kong;Hong Kong;Indonesia;Indonesia;Malaysia;Mongolia;Singapore;Singapore;Taiwan;Thailand;Thailand
2014,Silver,23,28,50,39,0.8792569659,Bulgaria,Uzbekistan,Bulgaria;People's Republic of China;People's Republic of China;People's Republic of China;Hong Kong;Hong Kong;Indonesia;Indonesia;Indonesia;Kazakhstan;Republic of Korea;Republic of Korea;Macau;Philippines;Taiwan;Taiwan;Taiwan;Thailand;Thailand;Thailand;Thailand;Thailand;Uzbekistan
2014,Silver,20,51,70,60.5,0.8126934985,Bulgaria,Thailand,Bulgaria;People's Republic of China;People's Republic of China;People's Republic of China;People's Republic of China;Hong Kong;Hong Kong;Indonesia;Indonesia;Islamic Republic of Iran;Kazakhstan;Republic of Korea;Macau;Mongolia;Philippines;Philippines;Taiwan;Taiwan;Taiwan;Thailand
2014,Bronze,19,71,89,80,0.7523219814,People's Republic of China,Thailand,People's Republic of China;People's Republic of China;People's Republic of China;People's Republic of China;Hong Kong;Hong Kong;Indonesia;Indonesia;Kazakhstan;Republic of Korea;Republic of Korea;Republic of Korea;Malaysia;Mongolia;Philippines;Philippines;Taiwan;Thailand;Thailand
2014,Bronze,30,90,119,104.5,0.6764705882,Bulgaria,Vietnam,Bulgaria;Bulgaria;Hong Kong;Hong Kong;India;Indonesia;Indonesia;Indonesia;Indonesia;Islamic Republic of Iran;Islamic Republic of Iran;Kazakhstan;Republic of Korea;Republic of Korea;Republic of Korea;Macau;Malaysia;Mongolia;Nepal;Philippines;Philippines;Taiwan;Taiwan;Thailand;Thailand;Thailand;Vietnam;Vietnam;Vietnam;Vietnam
2014,Merit,31,120,150,135,0.5820433437,Bulgaria,Vietnam,Bulgaria;Bulgaria;Bulgaria;Bulgaria;Canada;People's Republic of China;People's Republic of China;Cyprus;Hong Kong;Hong Kong;Hong Kong;Indonesia;Islamic Republic of Iran;Islamic Republic of Iran;Republic of Korea;Republic of Korea;Republic of Korea;Republic of Korea;Republic of Korea;Malaysia;Malaysia;Mongolia;Philippines;Philippines;Philippines;Taiwan;Taiwan;Thailand;Thailand;Uzbekistan;Vietnam
2014,Merit,28,151,178,164.5,0.4907120743,Bulgaria,Thailand,Bulgaria;Bulgaria;People's Republic of China;Hong Kong;Indonesia;Islamic Republic of Iran;Kazakhstan;Republic of Korea;Republic of Korea;Republic of Korea;Republic of Korea;Republic of Korea;Republic of Korea;Republic of Korea;Macau;Malaysia;Malaysia;Mongolia;Philippines;Philippines;Philippines;Philippines;South Africa;Sri Lanka;Sri Lanka;Sri Lanka;Taiwan;Thailand
2014,Merit,14,179,192,185.5,0.4256965944,Canada,Uzbekistan,Canada;Canada;Indonesia;Kazakhstan;Kazakhstan;Republic of Korea;Republic of Korea;Republic of Korea;Republic of Korea;Philippines;Sri Lanka;Taiwan;Taiwan;Uzbekistan
2015,Gold,4,1,4,2.5,0.9918831169,Malaysia,Vietnam,Malaysia;Singapore;Thailand;Vietnam
2015,Gold,2,5,6,5.5,0.9821428571,Bulgaria,Thailand,Bulgaria;Thailand
2015,Gold,7,7,13,10,0.9675324675,Macau,Taiwan,Macau;Philippines;Singapore;Singapore;Taiwan;Taiwan;Taiwan
2015,Gold,13,14,26,20,0.9350649351,People's Republic of China,Vietnam,People's Republic of China;People's Republic of China;Hong Kong;Hong Kong;Hong Kong;Indonesia;Mongolia;Mongolia;Philippines;Philippines;Sri Lanka;Thailand;Vietnam
2015,Silver,14,27,40,33.5,0.8912337662,Bulgaria,Vietnam,Bulgaria;Bulgaria;People's Republic of China;Hong Kong;Philippines;Philippines;Philippines;Taiwan;Taiwan;Taiwan;Thailand;Vietnam;Vietnam;Vietnam
2015,Silver,35,41,75,58,0.8116883117,Bulgaria,Vietnam,Bulgaria;Bulgaria;Bulgaria;Bulgaria;Bulgaria;People's Republic of China;People's Republic of China;People's Republic of China;People's Republic of China;Hong Kong;Indonesia;Islamic Republic of Iran;Kazakhstan;Macau;Mongolia;Mongolia;Mongolia;Philippines;Philippines;Romania;Sri Lanka;Taiwan;Taiwan;Taiwan;Taiwan;Thailand;Thailand;Thailand;Thailand;Uzbekistan;Uzbekistan;Vietnam;Vietnam;Vietnam;Vietnam
2015,Bronze,35,76,110,93,0.6980519481,Bulgaria,Vietnam,Bulgaria;Bulgaria;Bulgaria;People's Republic of China;People's Republic of China;People's Republic of China;People's Republic of China;People's Republic of China;Hong Kong;Hong Kong;Hong Kong;Hong Kong;Indonesia;Indonesia;Indonesia;Islamic Republic of Iran;Islamic Republic of Iran;Kazakhstan;Republic of Korea;Malaysia;Malaysia;Mongolia;Mongolia;Philippines;Philippines;Philippines;Sri Lanka;Sri Lanka;Sri Lanka;Thailand;Thailand;Thailand;Vietnam;Vietnam;Vietnam
2015,Merit,31,111,141,126,0.5909090909,Bulgaria,Uzbekistan,Bulgaria;People's Republic of China;People's Republic of China;Hong Kong;Hong Kong;Indonesia;Islamic Republic of Iran;Kazakhstan;Kazakhstan;Kazakhstan;Republic of Korea;Republic of Korea;Republic of Korea;Republic of Korea;Malaysia;Malaysia;Mongolia;Philippines;Romania;Romania;Romania;South Africa;Sri Lanka;Taiwan;Taiwan;Taiwan;Taiwan;Thailand;Thailand;Thailand;Uzbekistan
2015,Merit,40,142,181,161.5,0.4756493506,Bulgaria,Vietnam,Bulgaria;Bulgaria;People's Republic of China;People's Republic of China;People's Republic of China;People's Republic of China;People's Republic of China;People's Republic of China;People's Republic of China;People's Republic of China;People's Republic of China;Cyprus;Cyprus;Hong Kong;Hong Kong;Hong Kong;India;Indonesia;Indonesia;Indonesia;Islamic Republic of Iran;Islamic Republic of Iran;Islamic Republic of Iran;Islamic Republic of Iran;Islamic Republic of Iran;Islamic Republic of Iran;Kazakhstan;Kazakhstan;Republic of Korea;Malaysia;Malaysia;Philippines;Philippines;Romania;Sri Lanka;Sri Lanka;Thailand;Thailand;Vietnam;Vietnam
2015,Merit,33,182,214,198,0.3571428571,Bulgaria,Vietnam,Bulgaria;Bulgaria;People's Republic of China;People's Republic of China;People's Republic of China;People's Republic of China;People's Republic of China;People's Republic of China;Indonesia;Indonesia;Indonesia;Indonesia;Islamic Republic of Iran;Islamic Republic of Iran;Kazakhstan;Kazakhstan;Kazakhstan;Kazakhstan;Kazakhstan;Republic of Korea;Republic of Korea;Republic of Korea;Republic of Korea;Nepal;Romania;Romania;South Africa;South Africa;South Africa;Taiwan;Uzbekistan;Vietnam;Vietnam
2016,Gold,2,1,2,1.5,0.9942748092,People's Republic of China,Thailand,People's Republic of China;Thailand
2016,Gold,5,3,7,5,0.9809160305,Bulgaria,Vietnam,Bulgaria;Bulgaria;Mongolia;Thailand;Vietnam
2016,Gold,6,8,13,10.5,0.9599236641,Bulgaria,Thailand,Bulgaria;Bulgaria;People's Republic of China;People's Republic of China;Hong Kong;Thailand
2016,Silver,14,14,27,20.5,0.9217557252,People's Republic of China,Vietnam,People's Republic of China;People's Republic of China;People's Republic of China;People's Republic of China;Hong Kong;Hong Kong;Hong Kong;Philippines;Sri Lanka;Taiwan;Thailand;Thailand;Thailand;Vietnam
2016,Silver,20,28,47,37.5,0.856870229,Bulgaria,Vietnam,Bulgaria;People's Republic of China;Hong Kong;Hong Kong;Hong Kong;Hong Kong;Hong Kong;Indonesia;Islamic Republic of Iran;Mongolia;Philippines;Philippines;Philippines;Taiwan;Taiwan;Thailand;Thailand;Thailand;Thailand;Vietnam
2016,Bronze,17,48,64,56,0.786259542,Bulgaria,Vietnam,Bulgaria;Bulgaria;People's Republic of China;Hong Kong;Indonesia;Kazakhstan;Malaysia;Mongolia;Mongolia;Taiwan;Taiwan;Taiwan;Thailand;Thailand;Thailand;Vietnam;Vietnam
2016,Bronze,19,65,83,74,0.7175572519,Indonesia,Vietnam,Indonesia;Indonesia;Islamic Republic of Iran;Kazakhstan;Malaysia;Malaysia;Malaysia;Philippines;Philippines;Sri Lanka;Sri Lanka;Taiwan;Taiwan;Taiwan;Thailand;Thailand;Thailand;Vietnam;Vietnam
2016,Bronze,27,84,110,97,0.6297709924,Bulgaria,Vietnam,Bulgaria;Bulgaria;Bulgaria;Hong Kong;Hong Kong;Indonesia;Kazakhstan;Macau;Macau;Macau;Mongolia;Philippines;Philippines;Philippines;Philippines;Sri Lanka;Taiwan;Taiwan;Taiwan;Tajikistan;Thailand;Thailand;Uzbekistan;Uzbekistan;Vietnam;Vietnam;Vietnam
2016,Merit,24,111,134,122.5,0.5324427481,Bulgaria,Vietnam,Bulgaria;Bulgaria;Bulgaria;People's Republic of China;People's Republic of China;People's Republic of China;Hong Kong;Hong Kong;Hong Kong;Indonesia;Indonesia;Kazakhstan;Kazakhstan;Kazakhstan;Philippines;Philippines;Philippines;Sri Lanka;Sri Lanka;Tajikistan;Thailand;Uzbekistan;Vietnam;Vietnam
2016,Merit,20,135,154,144.5,0.4484732824,Bulgaria,Vietnam,Bulgaria;Cyprus;Indonesia;Islamic Republic of Iran;Islamic Republic of Iran;Kazakhstan;Kazakhstan;Malaysia;Malaysia;Mongolia;Philippines;Sri Lanka;Taiwan;Tajikistan;Thailand;Thailand;Thailand;Vietnam;Vietnam;Vietnam
2016,Merit,23,155,177,166,0.3664122137,Bulgaria,Vietnam,Bulgaria;Bulgaria;People's Republic of China;People's Republic of China;People's Republic of China;Indonesia;Indonesia;Islamic Republic of Iran;Islamic Republic of Iran;Kazakhstan;Kazakhstan;Mongolia;Nepal;Philippines;Philippines;South Africa;South Africa;Sri Lanka;Taiwan;Tajikistan;Thailand;Uzbekistan;Vietnam
2016,Merit,19,178,196,187,0.286259542,Bulgaria,Tajikistan,Bulgaria;Bulgaria;Bulgaria;People's Republic of China;Hong Kong;Indonesia;Indonesia;Indonesia;Islamic Republic of Iran;Islamic Republic of Iran;Kazakhstan;Kazakhstan;Lebanon;Lebanon;Mongolia;South Africa;South Africa;Taiwan;Tajikistan
2017,Gold,1,1,1,1,0.9966555184,Hong Kong,Hong Kong,Hong Kong
2017,Gold,3,2,4,3,0.9899665552,Bulgaria,Mongolia,Bulgaria;India;Mongolia
2017,Gold,2,5,6,5.5,0.9816053512,Hong Kong,Islamic Republic of Iran,Hong Kong;Islamic Republic of Iran
2017,Gold,6,7,12,9.5,0.9682274247,Bulgaria,Thailand,Bulgaria;Hong Kong;Hong Kong;Malaysia;Thailand;Thailand
2017,Gold,6,13,18,15.5,0.9481605351,Indonesia,Vietnam,Indonesia;Indonesia;Uzbekistan;Uzbekistan;Vietnam;Vietnam
2017,Silver,7,19,25,22,0.9264214047,Bulgaria,Thailand,Bulgaria;Hong Kong;Kazakhstan;Malaysia;Mexico;Philippines;Thailand
2017,Silver,16,26,41,33.5,0.8879598662,Bulgaria,Vietnam,Bulgaria;Bulgaria;Indonesia;Indonesia;Islamic Republic of Iran;Kazakhstan;Mongolia;Philippines;Taiwan;Taiwan;Thailand;Thailand;Thailand;Uzbekistan;Vietnam;Vietnam
2017,Silver,24,42,65,53.5,0.8210702341,Bulgaria,Thailand,Bulgaria;Bulgaria;Bulgaria;Bulgaria;Bulgaria;Indonesia;Islamic Republic of Iran;Islamic Republic of Iran;Mexico;Mongolia;Mongolia;Philippines;Philippines;Taiwan;Tajikistan;Tajikistan;Thailand;Uzbekistan;Vietnam;Vietnam;Vietnam;Vietnam;Vietnam;Thailand
2017,Bronze,21,66,86,76,0.745819398,Cyprus,Philippines,Cyprus;India;Indonesia;Kazakhstan;Malaysia;Malaysia;Mongolia;Romania;Romania;South Africa;Taiwan;Taiwan;Taiwan;Taiwan;Thailand;Thailand;Thailand;Vietnam;Vietnam;Vietnam;Philippines
2017,Bronze,31,87,117,102,0.6588628763,Indonesia,Vietnam,Indonesia;Indonesia;Islamic Republic of Iran;Islamic Republic of Iran;Islamic Republic of Iran;Islamic Republic of Iran;Kazakhstan;Kazakhstan;Kazakhstan;Republic of Korea;Malaysia;Malaysia;Mexico;Philippines;Philippines;Philippines;Philippines;Romania;Romania;Sri Lanka;Sri Lanka;Taiwan;Taiwan;Taiwan;Taiwan;Taiwan;Taiwan;Thailand;Thailand;Vietnam;Vietnam
2017,Merit,29,118,146,132,0.5585284281,Bulgaria,Bulgaria,Bulgaria;Bulgaria;Bulgaria;Bulgaria;Hong Kong;Hong Kong;India;Indonesia;Indonesia;Indonesia;Islamic Republic of Iran;Kazakhstan;Kazakhstan;Republic of Korea;Malaysia;Malaysia;Mexico;Mongolia;Philippines;Philippines;Philippines;South Africa;Taiwan;Tajikistan;Tajikistan;Tajikistan;Tajikistan;Thailand;Bulgaria
2017,Merit,31,147,177,162,0.4581939799,Bulgaria,Vietnam,Bulgaria;India;India;India;Indonesia;Indonesia;Indonesia;Kazakhstan;Kazakhstan;Kazakhstan;Kazakhstan;Republic of Korea;Republic of Korea;Mongolia;Philippines;Philippines;Philippines;Philippines;Romania;Romania;South Africa;South Africa;South Africa;Sri Lanka;Sri Lanka;Taiwan;Tajikistan;Tajikistan;Thailand;Thailand;Vietnam
2018,Gold,5,1,5,3,0.9904458599,People's Republic of China,Vietnam,People's Republic of China;Hong Kong;Hong Kong;Tajikistan;Vietnam
2018,Gold,8,6,13,9.5,0.9697452229,Bulgaria,Taiwan,Bulgaria;People's Republic of China;People's Republic of China;People's Republic of China;People's Republic of China;Indonesia;Kazakhstan;Taiwan
2018,Gold,16,14,29,21.5,0.9315286624,People's Republic of China,Malaysia,People's Republic of China;Hong Kong;Hong Kong;Hong Kong;Philippines;Romania;Taiwan;Taiwan;Tajikistan;Thailand;Uzbekistan;Vietnam;Vietnam;Vietnam;Vietnam;Malaysia
2018,Silver,16,30,45,37.5,0.8805732484,Bulgaria,Uzbekistan,Bulgaria;People's Republic of China;People's Republic of China;Cyprus;Hong Kong;Hong Kong;Indonesia;Indonesia;Kazakhstan;Kazakhstan;Macau;Macau;Philippines;Romania;Taiwan;Uzbekistan
2018,Bronze,37,46,82,64,0.7961783439,Bulgaria,Vietnam,Bulgaria;Bulgaria;Bulgaria;Bulgaria;Bulgaria;Bulgaria;Bulgaria;Bulgaria;Bulgaria;People's Republic of China;People's Republic of China;People's Republic of China;Hong Kong;Indonesia;Indonesia;Indonesia;Indonesia;Islamic Republic of Iran;Islamic Republic of Iran;Kazakhstan;Kazakhstan;Macau;Macau;Macau;Philippines;Tajikistan;Tajikistan;Thailand;Thailand;Thailand;Thailand;Thailand;Uzbekistan;Vietnam;Vietnam;Vietnam;Vietnam
2018,Bronze,28,83,110,96.5,0.6926751592,Bulgaria,Russian Federation,Bulgaria;Bulgaria;Bulgaria;Bulgaria;Bulgaria;Bulgaria;Hong Kong;Hong Kong;Hong Kong;Indonesia;Indonesia;Indonesia;Islamic Republic of Iran;Nepal;Nepal;Philippines;Russian Federation;Russian Federation;Sri Lanka;Taiwan;Taiwan;Tajikistan;Thailand;Thailand;Thailand;Uzbekistan;Vietnam;Russian Federation
2018,Merit,42,111,152,131.5,0.5812101911,Bulgaria,Vietnam,Bulgaria;Bulgaria;Bulgaria;Bulgaria;Bulgaria;Bulgaria;Bulgaria;Canada;Hong Kong;Hong Kong;Hong Kong;Indonesia;Indonesia;Indonesia;Indonesia;Indonesia;Islamic Republic of Iran;Islamic Republic of Iran;Islamic Republic of Iran;Islamic Republic of Iran;Islamic Republic of Iran;Kazakhstan;Kazakhstan;Kazakhstan;Kazakhstan;Kazakhstan;Macau;Philippines;Philippines;Sri Lanka;Sri Lanka;Taiwan;Tajikistan;Tajikistan;Thailand;Thailand;Thailand;Thailand;Thailand;Vietnam;Vietnam;Vietnam
2018,Merit,50,153,202,177.5,0.4347133758,Bulgaria,Malaysia,Bulgaria;Bulgaria;Bulgaria;Bulgaria;Bulgaria;Bulgaria;Bulgaria;Bulgaria;Bulgaria;Bulgaria;Bulgaria;Canada;People's Republic of China;Cyprus;Hong Kong;Hong Kong;Indonesia;Indonesia;Indonesia;Kazakhstan;Kazakhstan;Republic of Korea;Macau;Macau;Macau;Macau;Mexico;Mexico;Philippines;Philippines;Philippines;Russian Federation;South Africa;Sri Lanka;Taiwan;Taiwan;Tajikistan;Tajikistan;Tajikistan;Tajikistan;Thailand;Thailand;Ukraine;Ukraine;Ukraine;Ukraine;Ukraine;Vietnam;Philippines;Malaysia
2019,Gold,7,1,7,4,0.9843137255,Bulgaria,Vietnam,Bulgaria;Bulgaria;People's Republic of China;People's Republic of China;Thailand;Vietnam;Vietnam
2019,Gold,14,8,21,14.5,0.9431372549,Bulgaria,Vietnam,Bulgaria;Bulgaria;People's Republic of China;People's Republic of China;Hong Kong;Hong Kong;Hong Kong;Indonesia;Kazakhstan;Mexico;Taiwan;Thailand;Uzbekistan;Vietnam
2019,Silver,17,22,38,30,0.8823529412,Bulgaria,Vietnam,Bulgaria;Bulgaria;Bulgaria;Bulgaria;People's Republic of China;Hong Kong;Hong Kong;Hong Kong;Indonesia;Macau;Philippines;Philippines;Sri Lanka;Thailand;Thailand;Vietnam;Vietnam
2019,Silver,18,39,56,47.5,0.8137254902,Bulgaria,Vietnam,Bulgaria;Bulgaria;Bulgaria;Bulgaria;Indonesia;Macau;Macau;Malaysia;Mexico;Philippines;Philippines;Thailand;Thailand;Thailand;Thailand;Vietnam;Vietnam;Vietnam
2019,Bronze,20,57,76,66.5,0.7392156863,Bulgaria,Uzbekistan,Bulgaria;Bulgaria;Bulgaria;Hong Kong;Hong Kong;Hong Kong;India;Kazakhstan;Kazakhstan;Republic of Korea;Macau;Malaysia;Philippines;Philippines;Taiwan;Thailand;Thailand;Thailand;Thailand;Uzbekistan
2019,Bronze,21,77,97,87,0.6588235294,Cyprus,South Africa,Cyprus;Hong Kong;Hong Kong;Hong Kong;Hong Kong;Indonesia;Islamic Republic of Iran;Kazakhstan;Macau;Macau;Philippines;Philippines;Philippines;Philippines;Romania;Sri Lanka;Taiwan;Thailand;Uzbekistan;South Africa;South Africa
2019,Merit,23,98,120,109,0.5725490196,Bulgaria,Thailand,Bulgaria;Bulgaria;People's Republic of China;Hong Kong;Hong Kong;Islamic Republic of Iran;Islamic Republic of Iran;Islamic Republic of Iran;Islamic Republic of Iran;Islamic Republic of Iran;Macau;Malaysia;Mexico;Philippines;Philippines;Sri Lanka;Sri Lanka;Taiwan;Taiwan;Taiwan;Taiwan;Thailand;Thailand
2019,Merit,21,121,141,131,0.4862745098,Bulgaria,Tunisia,Bulgaria;Bulgaria;Hong Kong;Islamic Republic of Iran;Islamic Republic of Iran;Islamic Republic of Iran;Islamic Republic of Iran;Islamic Republic of Iran;Islamic Republic of Iran;Kazakhstan;Republic of Korea;Philippines;Romania;Romania;Romania;Taiwan;Taiwan;Taiwan;Taiwan;Thailand;Tunisia
2019,Merit,24,142,165,153.5,0.3980392157,Canada,Uzbekistan,Canada;Canada;People's Republic of China;Cyprus;India;India;Islamic Republic of Iran;Kazakhstan;Kazakhstan;Macau;Mexico;Nepal;Nepal;Philippines;Romania;Romania;South Africa;South Africa;South Africa;Sri Lanka;Sri Lanka;Tajikistan;Tajikistan;Uzbekistan
2021,Gold,1,1,1,1,0.9967948718,Taiwan,Taiwan,Taiwan
2021,Gold,4,2,5,3.5,0.9887820513,Bulgaria,United States of America,Bulgaria;People's Republic of China;People's Republic of China;United States of America
2021,Gold,9,6,14,10,0.9679487179,People's Republic of China,Vietnam,People's Republic of China;People's Republic of China;Indonesia;Malaysia;Malaysia;Philippines;Romania;Taiwan;Vietnam
2021,Gold,7,15,21,18,0.9423076923,People's Republic of China,United States of America,People's Republic of China;Mexico;Malaysia;Thailand;Taiwan;Taiwan;United States of America
2021,Silver,11,22,32,27,0.9134615385,Bulgaria,Bulgaria,Bulgaria;Bulgaria;Bulgaria;Philippines;Taiwan;Taiwan;Taiwan;Taiwan;Vietnam;Vietnam;Bulgaria
2021,Silver,11,33,43,38,0.8782051282,Bulgaria,Vietnam,Bulgaria;Bulgaria;Republic of Korea;Mexico;Mexico;Philippines;Taiwan;Taiwan;Taiwan;Vietnam;Vietnam
2021,Silver,19,44,62,53,0.8301282051,Bulgaria,Vietnam,Bulgaria;Bulgaria;People's Republic of China;Indonesia;Indonesia;Indonesia;Indonesia;Indonesia;Indonesia;Islamic Republic of Iran;Macau;Macau;Philippines;Thailand;Taiwan;Taiwan;Taiwan;Uzbekistan;Vietnam
2021,Bronze,19,63,81,72,0.7692307692,Bulgaria,Romania,Bulgaria;Bulgaria;Bulgaria;People's Republic of China;Hong Kong;Indonesia;Indonesia;India;Republic of Korea;Philippines;Philippines;Romania;Taiwan;Taiwan;Taiwan;Taiwan;Uzbekistan;Vietnam;Romania
2021,Bronze,22,82,103,92.5,0.703525641,United Arab Emirates,Vietnam,United Arab Emirates;Bulgaria;Bulgaria;Bulgaria;Indonesia;Republic of Korea;Republic of Korea;Mexico;Mexico;Philippines;Philippines;Philippines;Philippines;Russian Federation;Thailand;Thailand;Taiwan;Taiwan;Taiwan;United States of America;United States of America;Vietnam
2021,Bronze,18,104,121,112.5,0.6394230769,United Arab Emirates,South Africa,United Arab Emirates;Bulgaria;Bulgaria;People's Republic of China;Hong Kong;Indonesia;Indonesia;Indonesia;Macau;Macau;Mexico;Mexico;Malaysia;Philippines;Romania;Romania;Taiwan;South Africa
2021,Merit,30,122,151,136.5,0.5625,Bulgaria,South Africa,Bulgaria;Bulgaria;Bulgaria;Hong Kong;Hong Kong;Hong Kong;Indonesia;Indonesia;India;Islamic Republic of Iran;Republic of Korea;Republic of Korea;Republic of Korea;Macau;Macau;Philippines;Philippines;Philippines;Philippines;Philippines;Philippines;Philippines;Philippines;Romania;Russian Federation;Taiwan;Uzbekistan;Uzbekistan;Uzbekistan;South Africa
2021,Merit,23,152,174,163,0.4775641026,Bangladesh,Philippines,Bangladesh;Bangladesh;Bulgaria;Bulgaria;Bulgaria;Indonesia;Indonesia;Indonesia;Indonesia;India;Macau;Philippines;Romania;Russian Federation;Tajikistan;Taiwan;Taiwan;Uzbekistan;Uzbekistan;South Africa;South Africa;Indonesia;Philippines
2021,Merit,37,175,211,193,0.3814102564,United Arab Emirates,South Africa,United Arab Emirates;Bulgaria;Bolivia;Cyprus;Cyprus;Hong Kong;Hong Kong;Indonesia;Indonesia;Indonesia;India;Islamic Republic of Iran;Republic of Korea;Republic of Korea;Macau;Malaysia;Malaysia;Malaysia;Philippines;Romania;Romania;Russian Federation;Tajikistan;Tajikistan;Tajikistan;Taiwan;Uganda;Uzbekistan;South Africa;South Africa;South Africa;South Africa;South Africa;South Africa;South Africa;South Africa;South Africa
2022,Gold,3,1,3,2,0.9930555556,People's Republic of China,United States of America,People's Republic of China;Malaysia;United States of America
2022,Gold,5,4,8,6,0.9791666667,People's Republic of China,Russian Federation,People's Republic of China;People's Republic of China;People's Republic of China;People's Republic of China;Russian Federation
2022,Gold,6,9,14,11.5,0.9600694444,Republic of Korea,United States of America,Republic of Korea;Malaysia;Thailand;Thailand;Taiwan;United States of America
2022,Silver,14,15,28,21.5,0.9253472222,United Arab Emirates,Vietnam,United Arab Emirates;Bulgaria;People's Republic of China;People's Republic of China;Hong Kong;Republic of Korea;Malaysia;Romania;Taiwan;Taiwan;United States of America;Vietnam;Vietnam;Vietnam
2022,Silver,12,29,40,34.5,0.8802083333,Bulgaria,United States of America,Bulgaria;Bulgaria;People's Republic of China;Hong Kong;Hong Kong;Philippines;Thailand;Taiwan;Taiwan;Taiwan;Taiwan;United States of America
2022,Silver,21,41,61,51,0.8229166667,Bangladesh,South Africa,Bangladesh;Bulgaria;Bulgaria;Bulgaria;Hong Kong;Republic of Korea;Macau;Mongolia;Malaysia;Thailand;Tajikistan;Taiwan;Taiwan;Taiwan;Taiwan;Taiwan;United States of America;Vietnam;Vietnam;Vietnam;South Africa
2022,Bronze,27,62,88,75,0.7395833333,Bulgaria,South Africa,Bulgaria;Bulgaria;Bulgaria;Bulgaria;Indonesia;Republic of Korea;Macau;Mongolia;Mongolia;Philippines;Philippines;Romania;Thailand;Thailand;Taiwan;Taiwan;Taiwan;Taiwan;Taiwan;Taiwan;United States of America;Uzbekistan;Vietnam;Vietnam;Vietnam;Vietnam;South Africa
2022,Bronze,28,89,116,102.5,0.6440972222,Bulgaria,Taiwan,Bulgaria;Bulgaria;Bulgaria;Bulgaria;Bolivia;Hong Kong;Indonesia;Indonesia;Indonesia;Indonesia;Republic of Korea;Macau;Macau;Mexico;Mexico;Mongolia;Malaysia;Philippines;Philippines;Romania;Thailand;Thailand;Thailand;Thailand;Thailand;Thailand;Taiwan;Taiwan
2022,Merit,29,117,145,131,0.5451388889,United Arab Emirates,Bulgaria,United Arab Emirates;Bulgaria;Bulgaria;Bulgaria;Bulgaria;Bulgaria;Hong Kong;Indonesia;Indonesia;Indonesia;Republic of Korea;Republic of Korea;Macau;Mexico;Mongolia;Mongolia;Malaysia;Philippines;Romania;Russian Federation;Thailand;Tajikistan;Tajikistan;Taiwan;United States of America;United States of America;Vietnam;Vietnam;Bulgaria
2022,Merit,41,146,186,166,0.4236111111,Bangladesh,South Africa,Bangladesh;Bulgaria;Bulgaria;Bulgaria;Bulgaria;Cyprus;Cyprus;Cyprus;Hong Kong;Indonesia;India;India;Republic of Korea;Macau;Macau;Mongolia;Philippines;Philippines;Philippines;Philippines;Philippines;Romania;Romania;Russian Federation;Russian Federation;Russian Federation;Thailand;Thailand;Tajikistan;Taiwan;Taiwan;Taiwan;Taiwan;Taiwan;Uzbekistan;Uzbekistan;Vietnam;Vietnam;South Africa;South Africa;South Africa
2022,Merit,30,187,216,201.5,0.3003472222,Bangladesh,South Africa,Bangladesh;Bangladesh;Bulgaria;Bulgaria;Bulgaria;Bulgaria;Bulgaria;Hong Kong;Indonesia;Indonesia;India;Republic of Korea;Macau;Mexico;Mexico;Mongolia;Malaysia;Philippines;Philippines;Romania;Russian Federation;Russian Federation;Thailand;Taiwan;Taiwan;Uzbekistan;South Africa;South Africa;South Africa;South Africa
2023,Gold,4,1,4,2.5,0.9918831169,Republic of Korea,United States of America,Republic of Korea;Republic of Korea;Republic of Korea;United States of America
2023,Gold,7,5,11,8,0.974025974,Hong Kong,United States of America,Hong Kong;Hong Kong;Hong Kong;Kazakhstan;Thailand;Thailand;United States of America
2023,Gold,10,12,21,16.5,0.9464285714,Bulgaria,Vietnam,Bulgaria;Republic of Korea;Macau;Thailand;Taiwan;United States of America;United States of America;United States of America;United States of America;Vietnam
2023,Silver,22,22,43,32.5,0.8944805195,Bulgaria,Vietnam,Bulgaria;Bulgaria;People's Republic of China;People's Republic of China;People's Republic of China;Hong Kong;Hong Kong;Hong Kong;Hong Kong;Kazakhstan;Republic of Korea;Macau;Macau;Taiwan;Taiwan;Taiwan;Taiwan;Taiwan;Taiwan;United States of America;Vietnam;Vietnam
2023,Silver,23,44,66,55,0.8214285714,Bulgaria,Vietnam,Bulgaria;Bulgaria;Bulgaria;Bulgaria;Bulgaria;Bulgaria;Bulgaria;People's Republic of China;People's Republic of China;Hong Kong;Hong Kong;Hong Kong;Hong Kong;Romania;Vietnam;Kazakhstan;Macau;Mongolia;Thailand;Thailand;Uzbekistan;Vietnam;Vietnam
2023,Bronze,23,67,89,78,0.7467532468,United Arab Emirates,Vietnam,United Arab Emirates;Bulgaria;Bulgaria;Bulgaria;Bulgaria;Bulgaria;Bulgaria;Bulgaria;Bulgaria;Bulgaria;People's Republic of China;Cyprus;Hong Kong;Kazakhstan;Republic of Korea;Peru;Philippines;Romania;Thailand;Tajikistan;Tajikistan;Taiwan;Vietnam
2023,Bronze,39,90,128,109,0.6461038961,Bulgaria,South Africa,Bulgaria;People's Republic of China;People's Republic of China;People's Republic of China;People's Republic of China;Hong Kong;Hong Kong;Hong Kong;Indonesia;Indonesia;Kazakhstan;Kazakhstan;Macau;Macau;Macau;Macau;Mongolia;Mongolia;Mongolia;Mongolia;Mongolia;Mongolia;Peru;Philippines;Philippines;Philippines;Romania;Russian Federation;Thailand;Thailand;Thailand;Tajikistan;Taiwan;Taiwan;Taiwan;United States of America;Uzbekistan;Vietnam;South Africa
2023,Merit,15,129,143,136,0.5584415584,Bulgaria,Bulgaria,Bulgaria;Bulgaria;Bulgaria;Bulgaria;Bulgaria;Bulgaria;Bulgaria;Bulgaria;Bulgaria;Bulgaria;Bulgaria;People's Republic of China;People's Republic of China;People's Republic of China;Bulgaria
2023,Merit,27,144,170,157,0.4902597403,Indonesia,South Africa,Indonesia;India;Kazakhstan;Mexico;Mexico;Mongolia;Peru;Philippines;Philippines;Romania;Romania;Russian Federation;Russian Federation;Thailand;Thailand;Thailand;Thailand;Tajikistan;Tajikistan;Taiwan;Taiwan;Taiwan;Uzbekistan;Uzbekistan;Uzbekistan;South Africa;South Africa
2023,Merit,31,171,201,186,0.3961038961,Bulgaria,South Africa,Bulgaria;Bulgaria;Bulgaria;Bolivia;Bolivia;Botswana;People's Republic of China;Cyprus;Cyprus;Cyprus;Cyprus;Hong Kong;Indonesia;India;Kazakhstan;Republic of Korea;Mexico;Mongolia;Peru;Peru;Philippines;Romania;Romania;Russian Federation;Thailand;Thailand;Tajikistan;Tajikistan;Taiwan;South Africa;South Africa
2023,Merit,37,202,238,220,0.2857142857,Bangladesh,South Africa,Bangladesh;Bangladesh;Bangladesh;Bulgaria;Bulgaria;Bulgaria;Botswana;Botswana;People's Republic of China;Cyprus;Cyprus;Ghana;Ghana;Indonesia;Indonesia;Indonesia;India;India;India;India;Republic of Korea;Mexico;Mongolia;Mongolia;Peru;Philippines;Philippines;Romania;Taiwan;Uzbekistan;Uzbekistan;Uzbekistan;Vietnam;South Africa;South Africa;South Africa;South Africa
